{
  "key": "C13",
  "seed": 2,
  "name": "PV + SOM both OFF",
  "category": "C",
  "phase_a_osi_mean": 0.7453064967516164,
  "phase_a_osi_median": 0.8064917048123529,
  "phase_a_n_tuned": 31,
  "phase_a_pref_uniformity_R": 0.1875870882607052,
  "phase_a_pref_max_gap": 31.184915082792827,
  "phase_a_mean_rate_hz": 1.7899307012557983,
  "phase_a_onoff_corr": -0.47965877098083615,
  "phase_a_stability_a_v1_rate_hz": 1.1458333333333335,
  "phase_a_stability_a_pv_rate_hz": 42.708333333333336,
  "phase_a_stability_a_som_rate_hz": 0.9375,
  "phase_a_stability_a_n_silent_e": 23,
  "ee_calibration_scale": 298.6267786447653,
  "ee_calibration_frac": 0.1493369827443698,
  "ee_calibration_mean": 0.597253680229187,
  "phase_b_fwd_rev_weight_ratio": 1.4156913061456158,
  "phase_b_fwd_weight_mean": 0.1540218788435045,
  "phase_b_rev_weight_mean": 0.10879623133580368,
  "phase_b_trained_spike_mean": 8.566666666666666,
  "phase_b_reverse_spike_mean": 7.066666666666666,
  "phase_b_spike_ratio": 1.2122641509433962,
  "phase_b_omission_signal": 34.62526793830924,
  "phase_b_osi_post": 0.7111722144384864,
  "phase_b_stability_v1_rate_hz": 2.291666666666667,
  "phase_b_stability_pv_rate_hz": 43.54166666666667,
  "phase_b_stability_som_rate_hz": 2.604166666666667,
  "phase_b_stability_n_silent_e": 13,
  "elapsed_seconds": 283.1
}