{
  "key": "C13",
  "seed": 4,
  "name": "PV + SOM both OFF",
  "category": "C",
  "phase_a_osi_mean": 0.7534518997086506,
  "phase_a_osi_median": 0.8215819555518966,
  "phase_a_n_tuned": 31,
  "phase_a_pref_uniformity_R": 0.12321817123865572,
  "phase_a_pref_max_gap": 18.059931217171453,
  "phase_a_mean_rate_hz": 1.8003473281860352,
  "phase_a_onoff_corr": -0.46913268598877056,
  "phase_a_stability_a_v1_rate_hz": 1.3541666666666667,
  "phase_a_stability_a_pv_rate_hz": 40.625,
  "phase_a_stability_a_som_rate_hz": 1.1458333333333335,
  "phase_a_stability_a_n_silent_e": 22,
  "ee_calibration_scale": 274.04499428614054,
  "ee_calibration_frac": 0.14984156966869933,
  "ee_calibration_mean": 0.5480899810791016,
  "phase_b_fwd_rev_weight_ratio": 1.446430734302083,
  "phase_b_fwd_weight_mean": 0.1276245394862117,
  "phase_b_rev_weight_mean": 0.08823411758309449,
  "phase_b_trained_spike_mean": 8.5,
  "phase_b_reverse_spike_mean": 7.833333333333333,
  "phase_b_spike_ratio": 1.0851063829787235,
  "phase_b_omission_signal": 33.091037616531054,
  "phase_b_osi_post": 0.7272963284373883,
  "phase_b_stability_v1_rate_hz": 3.541666666666667,
  "phase_b_stability_pv_rate_hz": 46.04166666666667,
  "phase_b_stability_som_rate_hz": 4.479166666666667,
  "phase_b_stability_n_silent_e": 12,
  "elapsed_seconds": 283.1
}