{
  "key": "C13",
  "seed": 5,
  "name": "PV + SOM both OFF",
  "category": "C",
  "phase_a_osi_mean": 0.7211325648197375,
  "phase_a_osi_median": 0.7916525074231666,
  "phase_a_n_tuned": 28,
  "phase_a_pref_uniformity_R": 0.23535120400801482,
  "phase_a_pref_max_gap": 26.70491584801992,
  "phase_a_mean_rate_hz": 1.8229166269302368,
  "phase_a_onoff_corr": -0.4610598222132435,
  "phase_a_stability_a_v1_rate_hz": 1.5625,
  "phase_a_stability_a_pv_rate_hz": 42.91666666666667,
  "phase_a_stability_a_som_rate_hz": 1.3541666666666667,
  "phase_a_stability_a_n_silent_e": 20,
  "ee_calibration_scale": 282.0054483103209,
  "ee_calibration_frac": 0.13694593766795907,
  "ee_calibration_mean": 0.5640110373497009,
  "phase_b_fwd_rev_weight_ratio": 1.3205381102082596,
  "phase_b_fwd_weight_mean": 0.14136698533709308,
  "phase_b_rev_weight_mean": 0.1070525600467512,
  "phase_b_trained_spike_mean": 10.266666666666667,
  "phase_b_reverse_spike_mean": 7.366666666666666,
  "phase_b_spike_ratio": 1.3936651583710409,
  "phase_b_omission_signal": 34.887324387894736,
  "phase_b_osi_post": 0.6951425635612407,
  "phase_b_stability_v1_rate_hz": 1.875,
  "phase_b_stability_pv_rate_hz": 45.31250000000001,
  "phase_b_stability_som_rate_hz": 1.875,
  "phase_b_stability_n_silent_e": 19,
  "elapsed_seconds": 283.9
}