{
  "key": "C13",
  "seed": 3,
  "name": "PV + SOM both OFF",
  "category": "C",
  "phase_a_osi_mean": 0.7291693359336073,
  "phase_a_osi_median": 0.7869313638871718,
  "phase_a_n_tuned": 30,
  "phase_a_pref_uniformity_R": 0.5819476664715542,
  "phase_a_pref_max_gap": 50.52422626931095,
  "phase_a_mean_rate_hz": 1.9913192987442017,
  "phase_a_onoff_corr": -0.4752595765228487,
  "phase_a_stability_a_v1_rate_hz": 0.4166666666666667,
  "phase_a_stability_a_pv_rate_hz": 43.333333333333336,
  "phase_a_stability_a_som_rate_hz": 0.10416666666666667,
  "phase_a_stability_a_n_silent_e": 29,
  "ee_calibration_scale": 334.8661511664233,
  "ee_calibration_frac": 0.15915282351579005,
  "ee_calibration_mean": 0.6697322726249695,
  "phase_b_fwd_rev_weight_ratio": 1.6478355574861263,
  "phase_b_fwd_weight_mean": 0.13118545738298718,
  "phase_b_rev_weight_mean": 0.07961076988963546,
  "phase_b_trained_spike_mean": 12.2,
  "phase_b_reverse_spike_mean": 6.6,
  "phase_b_spike_ratio": 1.8484848484848484,
  "phase_b_omission_signal": 34.230569888353344,
  "phase_b_osi_post": 0.7164318348835377,
  "phase_b_stability_v1_rate_hz": 0.9375,
  "phase_b_stability_pv_rate_hz": 43.333333333333336,
  "phase_b_stability_som_rate_hz": 0.9375000000000001,
  "phase_b_stability_n_silent_e": 25,
  "elapsed_seconds": 283.2
}