{
  "key": "C13",
  "seed": 1,
  "name": "PV + SOM both OFF",
  "category": "C",
  "phase_a_osi_mean": 0.7186338709740383,
  "phase_a_osi_median": 0.7701546776258007,
  "phase_a_n_tuned": 31,
  "phase_a_pref_uniformity_R": 0.49820735412839284,
  "phase_a_pref_max_gap": 27.775522716303286,
  "phase_a_mean_rate_hz": 1.8072916269302368,
  "phase_a_onoff_corr": -0.45416021494129527,
  "phase_a_stability_a_v1_rate_hz": 0.7291666666666666,
  "phase_a_stability_a_pv_rate_hz": 43.64583333333334,
  "phase_a_stability_a_som_rate_hz": 0.0,
  "phase_a_stability_a_n_silent_e": 27,
  "ee_calibration_scale": 364.9035818387776,
  "ee_calibration_frac": 0.11001483478578347,
  "ee_calibration_mean": 0.7298071384429932,
  "phase_b_fwd_rev_weight_ratio": 1.1715714628662635,
  "phase_b_fwd_weight_mean": 0.12670507463485106,
  "phase_b_rev_weight_mean": 0.10814967643959643,
  "phase_b_trained_spike_mean": 14.0,
  "phase_b_reverse_spike_mean": 6.266666666666667,
  "phase_b_spike_ratio": 2.2340425531914896,
  "phase_b_omission_signal": 34.681714508599704,
  "phase_b_osi_post": 0.7162403840548692,
  "phase_b_stability_v1_rate_hz": 1.6666666666666667,
  "phase_b_stability_pv_rate_hz": 44.6875,
  "phase_b_stability_som_rate_hz": 1.875,
  "phase_b_stability_n_silent_e": 20,
  "elapsed_seconds": 283.8
}