{
  "M2_Ahet_OFF": {
    "condition": "M2_Ahet_OFF",
    "n_seeds": 3,
    "final_mean_osi": 0.7449667184314634,
    "final_sem_osi": 0.013451782059283357,
    "final_osi_per_seed": [
      0.7480466496858813,
      0.771837358221389,
      0.7150161473871203
    ],
    "A_het": 0.0
  },
  "M2_Ahet_0.008": {
    "condition": "M2_Ahet_0.008",
    "n_seeds": 3,
    "final_mean_osi": 0.7616826508935959,
    "final_sem_osi": 0.013417170407232327,
    "final_osi_per_seed": [
      0.7398173044014592,
      0.7513662760457072,
      0.7938643722336214
    ],
    "A_het": 0.008
  },
  "M2_Ahet_0.016": {
    "condition": "M2_Ahet_0.016",
    "n_seeds": 3,
    "final_mean_osi": 0.7958275769806554,
    "final_sem_osi": 0.004810470663189261,
    "final_osi_per_seed": [
      0.7981708105209584,
      0.7846552218158643,
      0.8046566986051437
    ],
    "A_het": 0.016
  },
  "M2_Ahet_0.032": {
    "condition": "M2_Ahet_0.032",
    "n_seeds": 3,
    "final_mean_osi": 0.8462618943628284,
    "final_sem_osi": 0.00811787116393761,
    "final_osi_per_seed": [
      0.8450987377530055,
      0.829652354464433,
      0.864034590871047
    ],
    "A_het": 0.032
  },
  "M2_Ahet_0.048": {
    "condition": "M2_Ahet_0.048",
    "n_seeds": 3,
    "final_mean_osi": 0.8658249819990037,
    "final_sem_osi": 0.0075919763337665746,
    "final_osi_per_seed": [
      0.8842899990011623,
      0.8546809737546295,
      0.8585039732412192
    ],
    "A_het": 0.048
  },
  "M2_Ahet_0.064": {
    "condition": "M2_Ahet_0.064",
    "n_seeds": 3,
    "final_mean_osi": 0.9113392987917907,
    "final_sem_osi": 0.0017324461921273142,
    "final_osi_per_seed": [
      0.9133762576665979,
      0.9070968058547979,
      0.9135448328539757
    ],
    "A_het": 0.064
  },
  "M2_Ahet_0.096": {
    "condition": "M2_Ahet_0.096",
    "n_seeds": 3,
    "final_mean_osi": 0.8859875456093894,
    "final_sem_osi": 0.030997031265713855,
    "final_osi_per_seed": [
      0.9450845379188251,
      0.8977225920325353,
      0.8151555068768082
    ],
    "A_het": 0.096
  },
  "M2_Ahet_0.128": {
    "condition": "M2_Ahet_0.128",
    "n_seeds": 3,
    "final_mean_osi": 0.873865427099027,
    "final_sem_osi": 0.014895418170479078,
    "final_osi_per_seed": [
      0.8383184399427444,
      0.884515757811294,
      0.898762083543043
    ],
    "A_het": 0.128
  }
}