{
  "key": "BL",
  "seed": 5,
  "name": "Full model (baseline)",
  "category": "A",
  "phase_a_osi_mean": 0.7519414698839834,
  "phase_a_osi_median": 0.8178206512552129,
  "phase_a_n_tuned": 30,
  "phase_a_pref_uniformity_R": 0.20193833850386841,
  "phase_a_pref_max_gap": 21.526282643583485,
  "phase_a_mean_rate_hz": 1.9322916269302368,
  "phase_a_onoff_corr": -0.4723188332758468,
  "phase_a_stability_a_v1_rate_hz": 1.7708333333333335,
  "phase_a_stability_a_pv_rate_hz": 42.60416666666667,
  "phase_a_stability_a_som_rate_hz": 3.125,
  "phase_a_stability_a_n_silent_e": 19,
  "phase_a_ee_calibration_scale": 298.6267786447653,
  "phase_a_ee_calibration_frac": 0.1426693671305675,
  "phase_a_ee_calibration_mean": 0.597253680229187,
  "ee_calibration_scale": 298.6267786447653,
  "ee_calibration_frac": 0.1426693671305675,
  "ee_calibration_mean": 0.597253680229187,
  "phase_b_fwd_rev_weight_ratio": 1.3874573070438536,
  "phase_b_fwd_weight_mean": 0.14221487156856502,
  "phase_b_rev_weight_mean": 0.1025003586391938,
  "phase_b_trained_spike_mean": 9.833333333333334,
  "phase_b_reverse_spike_mean": 8.2,
  "phase_b_spike_ratio": 1.199186991869919,
  "phase_b_omission_signal": 35.54511114855607,
  "phase_b_osi_post": 0.722800073862353,
  "phase_b_stability_v1_rate_hz": 2.604166666666667,
  "phase_b_stability_pv_rate_hz": 45.10416666666667,
  "phase_b_stability_som_rate_hz": 3.645833333333334,
  "phase_b_stability_n_silent_e": 15,
  "elapsed_seconds": 159.6
}