{
  "M1_stdp_off": {
    "condition": "M1_stdp_off",
    "n_seeds": 3,
    "final_mean_osi": 0.20001684180842205,
    "final_sem_osi": 0.02298725465124364,
    "final_osi_per_seed": [
      0.1585190055923612,
      0.253724971615821,
      0.18780654821708398
    ]
  },
  "M1_pair_only": {
    "condition": "M1_pair_only",
    "n_seeds": 3,
    "final_mean_osi": 0.8516081926147754,
    "final_sem_osi": 0.008565021448409498,
    "final_osi_per_seed": [
      0.8718945488771797,
      0.8368318753696651,
      0.8460981535974816
    ]
  },
  "M1_A2m_0.004": {
    "condition": "M1_A2m_0.004",
    "n_seeds": 3,
    "final_mean_osi": 0.838456485291991,
    "final_sem_osi": 0.00627903779753008,
    "final_osi_per_seed": [
      0.8271855078147101,
      0.8350287394803939,
      0.8531552085808691
    ]
  },
  "M1_A2m_0.006": {
    "condition": "M1_A2m_0.006",
    "n_seeds": 3,
    "final_mean_osi": 0.8567043540434108,
    "final_sem_osi": 0.006714707032826272,
    "final_osi_per_seed": [
      0.8688870049447739,
      0.84104328093792,
      0.8601827762475387
    ]
  },
  "M1_A2m_0.008": {
    "condition": "M1_A2m_0.008",
    "n_seeds": 3,
    "final_mean_osi": 0.8460534399057077,
    "final_sem_osi": 0.003936032329233589,
    "final_osi_per_seed": [
      0.8518758121269617,
      0.836487138204548,
      0.8497973693856133
    ]
  },
  "M1_A2m_0.010": {
    "condition": "M1_A2m_0.010",
    "n_seeds": 3,
    "final_mean_osi": 0.8462618943628284,
    "final_sem_osi": 0.00811787116393761,
    "final_osi_per_seed": [
      0.8450987377530055,
      0.829652354464433,
      0.864034590871047
    ]
  },
  "M1_A2m_0.014": {
    "condition": "M1_A2m_0.014",
    "n_seeds": 3,
    "final_mean_osi": 0.860533894988952,
    "final_sem_osi": 0.008369956912804772,
    "final_osi_per_seed": [
      0.8698071264390796,
      0.8400619331008197,
      0.8717326254269568
    ]
  },
  "M1_A2m_0.020": {
    "condition": "M1_A2m_0.020",
    "n_seeds": 3,
    "final_mean_osi": 0.8599842547661171,
    "final_sem_osi": 0.010255930020722675,
    "final_osi_per_seed": [
      0.848074995552945,
      0.8467827988800999,
      0.8850949698653066
    ]
  },
  "M1_A3p_0.001": {
    "condition": "M1_A3p_0.001",
    "n_seeds": 3,
    "final_mean_osi": 0.8365125569580849,
    "final_sem_osi": 0.010283082779038978,
    "final_osi_per_seed": [
      0.8208131238960463,
      0.8273040229155405,
      0.8614205240626678
    ]
  },
  "M1_A3p_0.002": {
    "condition": "M1_A3p_0.002",
    "n_seeds": 3,
    "final_mean_osi": 0.8462618943628284,
    "final_sem_osi": 0.00811787116393761,
    "final_osi_per_seed": [
      0.8450987377530055,
      0.829652354464433,
      0.864034590871047
    ]
  },
  "M1_A3p_0.004": {
    "condition": "M1_A3p_0.004",
    "n_seeds": 3,
    "final_mean_osi": 0.8356005368738021,
    "final_sem_osi": 0.011265036273045434,
    "final_osi_per_seed": [
      0.8579520854194433,
      0.8384376458966317,
      0.8104118793053312
    ]
  }
}