{
  "key": "C14",
  "seed": 3,
  "name": "PP + PV both OFF",
  "category": "C",
  "phase_a_osi_mean": 0.7114503329365105,
  "phase_a_osi_median": 0.770501350720762,
  "phase_a_n_tuned": 30,
  "phase_a_pref_uniformity_R": 0.5031073885770636,
  "phase_a_pref_max_gap": 27.495232521557256,
  "phase_a_mean_rate_hz": 1.939236044883728,
  "phase_a_onoff_corr": -0.47164970744823775,
  "phase_a_stability_a_v1_rate_hz": 0.625,
  "phase_a_stability_a_pv_rate_hz": 43.54166666666667,
  "phase_a_stability_a_som_rate_hz": 0.0,
  "phase_a_stability_a_n_silent_e": 28,
  "ee_calibration_scale": 375.503294466454,
  "ee_calibration_frac": 0.1688661749668289,
  "ee_calibration_mean": 0.7510067224502563,
  "phase_b_fwd_rev_weight_ratio": 1.3701227789321586,
  "phase_b_fwd_weight_mean": 0.13262525943359468,
  "phase_b_rev_weight_mean": 0.09679808369944749,
  "phase_b_trained_spike_mean": 10.5,
  "phase_b_reverse_spike_mean": 5.666666666666667,
  "phase_b_spike_ratio": 1.852941176470588,
  "phase_b_omission_signal": 33.5581890093618,
  "phase_b_osi_post": 0.6747101458034803,
  "phase_b_stability_v1_rate_hz": 1.3541666666666667,
  "phase_b_stability_pv_rate_hz": 43.64583333333334,
  "phase_b_stability_som_rate_hz": 1.3541666666666667,
  "phase_b_stability_n_silent_e": 22,
  "elapsed_seconds": 230.6
}