{
  "key": "C14",
  "seed": 4,
  "name": "PP + PV both OFF",
  "category": "C",
  "phase_a_osi_mean": 0.7633806093127347,
  "phase_a_osi_median": 0.7979671720605805,
  "phase_a_n_tuned": 31,
  "phase_a_pref_uniformity_R": 0.13082501248205608,
  "phase_a_pref_max_gap": 43.47284763019539,
  "phase_a_mean_rate_hz": 1.782986044883728,
  "phase_a_onoff_corr": -0.4640036085126245,
  "phase_a_stability_a_v1_rate_hz": 1.25,
  "phase_a_stability_a_pv_rate_hz": 40.208333333333336,
  "phase_a_stability_a_som_rate_hz": 1.0416666666666667,
  "phase_a_stability_a_n_silent_e": 23,
  "ee_calibration_scale": 298.6267786447653,
  "ee_calibration_frac": 0.14675109166498396,
  "ee_calibration_mean": 0.597253680229187,
  "phase_b_fwd_rev_weight_ratio": 1.412114933560895,
  "phase_b_fwd_weight_mean": 0.14916614486817492,
  "phase_b_rev_weight_mean": 0.10563314736147318,
  "phase_b_trained_spike_mean": 8.466666666666667,
  "phase_b_reverse_spike_mean": 7.533333333333333,
  "phase_b_spike_ratio": 1.1238938053097345,
  "phase_b_omission_signal": 33.289732615285445,
  "phase_b_osi_post": 0.7657608528898125,
  "phase_b_stability_v1_rate_hz": 3.3333333333333335,
  "phase_b_stability_pv_rate_hz": 46.04166666666667,
  "phase_b_stability_som_rate_hz": 3.6458333333333335,
  "phase_b_stability_n_silent_e": 14,
  "elapsed_seconds": 229.1
}