{
  "key": "C14",
  "seed": 5,
  "name": "PP + PV both OFF",
  "category": "C",
  "phase_a_osi_mean": 0.7401668360814585,
  "phase_a_osi_median": 0.8295841531509899,
  "phase_a_n_tuned": 30,
  "phase_a_pref_uniformity_R": 0.22869409264481866,
  "phase_a_pref_max_gap": 18.50635622214446,
  "phase_a_mean_rate_hz": 1.857638955116272,
  "phase_a_onoff_corr": -0.4627996475960347,
  "phase_a_stability_a_v1_rate_hz": 1.5625,
  "phase_a_stability_a_pv_rate_hz": 42.1875,
  "phase_a_stability_a_som_rate_hz": 1.7708333333333335,
  "phase_a_stability_a_n_silent_e": 21,
  "ee_calibration_scale": 290.19713745863174,
  "ee_calibration_frac": 0.1324608111441707,
  "ee_calibration_mean": 0.5803943872451782,
  "phase_b_fwd_rev_weight_ratio": 1.0853466208816402,
  "phase_b_fwd_weight_mean": 0.12896949152465115,
  "phase_b_rev_weight_mean": 0.11882792929312082,
  "phase_b_trained_spike_mean": 9.266666666666667,
  "phase_b_reverse_spike_mean": 7.566666666666666,
  "phase_b_spike_ratio": 1.2246696035242293,
  "phase_b_omission_signal": 34.67686651719941,
  "phase_b_osi_post": 0.6995960063356446,
  "phase_b_stability_v1_rate_hz": 2.3958333333333335,
  "phase_b_stability_pv_rate_hz": 45.20833333333334,
  "phase_b_stability_som_rate_hz": 1.875,
  "phase_b_stability_n_silent_e": 17,
  "elapsed_seconds": 232.1
}