{
  "key": "C14",
  "seed": 1,
  "name": "PP + PV both OFF",
  "category": "C",
  "phase_a_osi_mean": 0.7392479782184703,
  "phase_a_osi_median": 0.7843115542285322,
  "phase_a_n_tuned": 30,
  "phase_a_pref_uniformity_R": 0.2288064216992496,
  "phase_a_pref_max_gap": 26.999920025886766,
  "phase_a_mean_rate_hz": 1.8020833730697632,
  "phase_a_onoff_corr": -0.45931919924253195,
  "phase_a_stability_a_v1_rate_hz": 1.8750000000000002,
  "phase_a_stability_a_pv_rate_hz": 44.0625,
  "phase_a_stability_a_som_rate_hz": 1.8750000000000002,
  "phase_a_stability_a_n_silent_e": 21,
  "ee_calibration_scale": 298.6267786447653,
  "ee_calibration_frac": 0.14538143986671084,
  "ee_calibration_mean": 0.597253680229187,
  "phase_b_fwd_rev_weight_ratio": 0.9048186594939179,
  "phase_b_fwd_weight_mean": 0.11614538303035526,
  "phase_b_rev_weight_mean": 0.12836316074131093,
  "phase_b_trained_spike_mean": 11.6,
  "phase_b_reverse_spike_mean": 7.7,
  "phase_b_spike_ratio": 1.5064935064935063,
  "phase_b_omission_signal": 34.16027894059817,
  "phase_b_osi_post": 0.7253204290908157,
  "phase_b_stability_v1_rate_hz": 2.5,
  "phase_b_stability_pv_rate_hz": 44.6875,
  "phase_b_stability_som_rate_hz": 3.125,
  "phase_b_stability_n_silent_e": 18,
  "elapsed_seconds": 232.0
}