{
  "key": "C14",
  "seed": 2,
  "name": "PP + PV both OFF",
  "category": "C",
  "phase_a_osi_mean": 0.7502802432801312,
  "phase_a_osi_median": 0.7851154406449672,
  "phase_a_n_tuned": 32,
  "phase_a_pref_uniformity_R": 0.1931789221809035,
  "phase_a_pref_max_gap": 20.638679610305402,
  "phase_a_mean_rate_hz": 1.8645833730697632,
  "phase_a_onoff_corr": -0.47202143153407156,
  "phase_a_stability_a_v1_rate_hz": 1.0416666666666667,
  "phase_a_stability_a_pv_rate_hz": 42.8125,
  "phase_a_stability_a_som_rate_hz": 0.7291666666666667,
  "phase_a_stability_a_n_silent_e": 25,
  "ee_calibration_scale": 307.301283895201,
  "ee_calibration_frac": 0.1503396841360517,
  "ee_calibration_mean": 0.6146025657653809,
  "phase_b_fwd_rev_weight_ratio": 1.4768691559885518,
  "phase_b_fwd_weight_mean": 0.1596321292535894,
  "phase_b_rev_weight_mean": 0.10808820037055931,
  "phase_b_trained_spike_mean": 9.633333333333333,
  "phase_b_reverse_spike_mean": 6.966666666666667,
  "phase_b_spike_ratio": 1.3827751196172249,
  "phase_b_omission_signal": 34.46625842809677,
  "phase_b_osi_post": 0.7267021675247632,
  "phase_b_stability_v1_rate_hz": 1.25,
  "phase_b_stability_pv_rate_hz": 43.4375,
  "phase_b_stability_som_rate_hz": 1.5625,
  "phase_b_stability_n_silent_e": 22,
  "elapsed_seconds": 230.8
}