{
  "M5_som_OFF": {
    "condition": "M5_som_OFF",
    "n_seeds": 3,
    "final_mean_osi": 0.8368636813173769,
    "final_sem_osi": 0.011220553623365265,
    "final_osi_per_seed": [
      0.8475406528833286,
      0.8095922200203136,
      0.8534581710484888
    ]
  },
  "M5_narrow_som": {
    "condition": "M5_narrow_som",
    "n_seeds": 3,
    "final_mean_osi": 0.8617923992375346,
    "final_sem_osi": 0.005877186558834985,
    "final_osi_per_seed": [
      0.876188501616576,
      0.8545831439328795,
      0.8546055521631483
    ]
  },
  "M5_broad_som": {
    "condition": "M5_broad_som",
    "n_seeds": 3,
    "final_mean_osi": 0.847108968925793,
    "final_sem_osi": 0.011548398911579721,
    "final_osi_per_seed": [
      0.8753785130762808,
      0.833851398957881,
      0.8320969947432173
    ]
  },
  "M5_wsom_0.000": {
    "condition": "M5_wsom_0.000",
    "n_seeds": 3,
    "final_mean_osi": 0.8368636813173769,
    "final_sem_osi": 0.011220553623365265,
    "final_osi_per_seed": [
      0.8475406528833286,
      0.8095922200203136,
      0.8534581710484888
    ]
  },
  "M5_wsom_0.010": {
    "condition": "M5_wsom_0.010",
    "n_seeds": 3,
    "final_mean_osi": 0.8385273681499243,
    "final_sem_osi": 0.01754024846890589,
    "final_osi_per_seed": [
      0.8754679711685787,
      0.8390574695321923,
      0.801056663749002
    ]
  },
  "M5_wsom_0.025": {
    "condition": "M5_wsom_0.025",
    "n_seeds": 3,
    "final_mean_osi": 0.8430527000252307,
    "final_sem_osi": 0.0054567224052496375,
    "final_osi_per_seed": [
      0.8444284745490618,
      0.83085083774682,
      0.8538787877798102
    ]
  },
  "M5_wsom_0.050": {
    "condition": "M5_wsom_0.050",
    "n_seeds": 3,
    "final_mean_osi": 0.8462618943628284,
    "final_sem_osi": 0.00811787116393761,
    "final_osi_per_seed": [
      0.8450987377530055,
      0.829652354464433,
      0.864034590871047
    ]
  },
  "M5_wsom_0.100": {
    "condition": "M5_wsom_0.100",
    "n_seeds": 3,
    "final_mean_osi": 0.8533235756954712,
    "final_sem_osi": 0.009354473995111788,
    "final_osi_per_seed": [
      0.8633173123758162,
      0.8304697270076462,
      0.8661836877029512
    ]
  },
  "M5_wsom_0.200": {
    "condition": "M5_wsom_0.200",
    "n_seeds": 3,
    "final_mean_osi": 0.8551075879247941,
    "final_sem_osi": 0.012502681584403971,
    "final_osi_per_seed": [
      0.8666410522492658,
      0.824771339871691,
      0.8739103716534256
    ]
  }
}