{
  "M4_pv_OFF": {
    "condition": "M4_pv_OFF",
    "n_seeds": 3,
    "final_mean_osi": 0.8244012909892854,
    "final_sem_osi": 0.012692430559470823,
    "final_osi_per_seed": [
      0.8004344604681792,
      0.8192343900177429,
      0.853535022481934
    ]
  },
  "M4_fixed_pv": {
    "condition": "M4_fixed_pv",
    "n_seeds": 3,
    "final_mean_osi": 0.836171678346763,
    "final_sem_osi": 0.013681021178464677,
    "final_osi_per_seed": [
      0.8652018970070269,
      0.8071582471969119,
      0.83615489083635
    ]
  },
  "M4_plastic_low": {
    "condition": "M4_plastic_low",
    "n_seeds": 3,
    "final_mean_osi": 0.8307957627180302,
    "final_sem_osi": 0.008398868835880015,
    "final_osi_per_seed": [
      0.8203344178159431,
      0.820685161203718,
      0.8513677091344297
    ]
  },
  "M4_wpv_0.00": {
    "condition": "M4_wpv_0.00",
    "n_seeds": 3,
    "final_mean_osi": 0.8244012909892854,
    "final_sem_osi": 0.012692430559470823,
    "final_osi_per_seed": [
      0.8004344604681792,
      0.8192343900177429,
      0.853535022481934
    ]
  },
  "M4_wpv_0.25": {
    "condition": "M4_wpv_0.25",
    "n_seeds": 3,
    "final_mean_osi": 0.8505026543103056,
    "final_sem_osi": 0.009756612202961982,
    "final_osi_per_seed": [
      0.8270249160341054,
      0.8583738986435517,
      0.8661091482532598
    ]
  },
  "M4_wpv_0.50": {
    "condition": "M4_wpv_0.50",
    "n_seeds": 3,
    "final_mean_osi": 0.8394968806710895,
    "final_sem_osi": 0.005513887642655495,
    "final_osi_per_seed": [
      0.8490399036306204,
      0.8430025269647768,
      0.8264482114178713
    ]
  },
  "M4_wpv_1.00": {
    "condition": "M4_wpv_1.00",
    "n_seeds": 3,
    "final_mean_osi": 0.836171678346763,
    "final_sem_osi": 0.013681021178464677,
    "final_osi_per_seed": [
      0.8652018970070269,
      0.8071582471969119,
      0.83615489083635
    ]
  },
  "M4_wpv_2.00": {
    "condition": "M4_wpv_2.00",
    "n_seeds": 3,
    "final_mean_osi": 0.844256272387664,
    "final_sem_osi": 0.010248571546518976,
    "final_osi_per_seed": [
      0.8382275638824985,
      0.8261663500672783,
      0.8683749032132151
    ]
  },
  "M4_wpv_4.00": {
    "condition": "M4_wpv_4.00",
    "n_seeds": 3,
    "final_mean_osi": 0.8008399946817235,
    "final_sem_osi": 0.01489925808218845,
    "final_osi_per_seed": [
      0.8297817469875524,
      0.8056233840665928,
      0.767114852991025
    ]
  }
}